{"VS-SEG-035": 0.05, "VS-SEG-040": 0.12307692307692307, "VS-SEG-047": 0.19615384615384612, "VS-SEG-053": 0.2692307692307692, "VS-SEG-067": 0.34230769230769226, "VS-SEG-077": 0.4153846153846153, "VS-SEG-086": 0.4884615384615384, "VS-SEG-104": 0.5615384615384615, "VS-SEG-148": 0.6346153846153846, "VS-SEG-161": 0.7076923076923076, "VS-SEG-172": 0.7807692307692307, "VS-SEG-205": 0.8538461538461538, "VS-SEG-225": 0.9269230769230768, "VS-SEG-230": 1.0, "VS-SEG-002": 0.01, "VS-SEG-021": 0.047692307692307694, "VS-SEG-028": 0.08538461538461538, "VS-SEG-041": 0.12307692307692307, "VS-SEG-048": 0.16076923076923078, "VS-SEG-069": 0.19846153846153847, "VS-SEG-100": 0.23615384615384616, "VS-SEG-101": 0.27384615384615385, "VS-SEG-118": 0.31153846153846154, "VS-SEG-159": 0.34923076923076923, "VS-SEG-188": 0.3869230769230769, "VS-SEG-196": 0.4246153846153846, "VS-SEG-247": 0.4623076923076923, "VS-SEG-248": 0.5, "VS-SEG-009": 0.01, "VS-SEG-024": 0.03, "VS-SEG-038": 0.05, "VS-SEG-078": 0.06999999999999999, "VS-SEG-149": 0.09, "VS-SEG-155": 0.11, "VS-SEG-170": 0.13, "VS-SEG-171": 0.15000000000000002, "VS-SEG-175": 0.17, "VS-SEG-189": 0.19, "VS-SEG-194": 0.21000000000000002, "VS-SEG-224": 0.23, "VS-SEG-234": 0.25, "VS-SEG-004": 0.1, "VS-SEG-006": 0.13333333333333333, "VS-SEG-014": 0.16666666666666669, "VS-SEG-020": 0.2, "VS-SEG-046": 0.23333333333333334, "VS-SEG-051": 0.26666666666666666, "VS-SEG-064": 0.30000000000000004, "VS-SEG-108": 0.33333333333333337, "VS-SEG-123": 0.3666666666666667, "VS-SEG-140": 0.4, "VS-SEG-166": 0.43333333333333335, "VS-SEG-176": 0.4666666666666667, "VS-SEG-242": 0.5, "VS-SEG-005": 0.15, "VS-SEG-027": 0.20416666666666666, "VS-SEG-071": 0.2583333333333333, "VS-SEG-117": 0.3125, "VS-SEG-122": 0.3666666666666667, "VS-SEG-125": 0.4208333333333334, "VS-SEG-152": 0.475, "VS-SEG-178": 0.5291666666666667, "VS-SEG-180": 0.5833333333333334, "VS-SEG-199": 0.6375000000000001, "VS-SEG-231": 0.6916666666666668, "VS-SEG-233": 0.7458333333333333, "VS-SEG-237": 0.8, "VS-SEG-007": 0.1, "VS-SEG-019": 0.1741666666666667, "VS-SEG-023": 0.24833333333333335, "VS-SEG-029": 0.3225, "VS-SEG-037": 0.3966666666666667, "VS-SEG-044": 0.4708333333333333, "VS-SEG-070": 0.545, "VS-SEG-154": 0.6191666666666666, "VS-SEG-193": 0.6933333333333334, "VS-SEG-195": 0.7675000000000001, "VS-SEG-215": 0.8416666666666667, "VS-SEG-218": 0.9158333333333334, "VS-SEG-238": 0.99}